022c0eb738589f9d974a6e072167021f.jpg,Milandia,Boulder Blockfeld,Grosser Block,Cafeteria Side
02df6080264ebc001e1b5319adf68b86.jpg,Milandia,Boulder Grotte,Turm Links,Overhang
05dce627bc4c5a1eae797e98c2bd5adb.jpg,Gaswerk,Halle 5,Left Side,Top
0e08274a24dfb6d640512a1f3dbf1a35.jpg,Gaswerk,Halle 5,Left Side,Bottom Left
112a7c7c0eb849d2ee6a171ea2a9983d.jpg,Gaswerk,Boulderraum II,Left Wall
12ac37b23e9f6022aaf58e3cb648fbb8.jpg,Gaswerk,Boulderraum III,Vertical
13df56293c758f6245f6c1bf319701fb.jpg,Milandia,Boulder Grotte,Front WallLeft
1afd8e409b5ba261b0114a59ecaa4196.jpg,Milandia,Boulder Grotte,Front Wall Right
1d92260e02bf3ac93afd37b18153ab63.jpg,Milandia,Boulder Blockfeld,Zahnrad
1dde61d84902bb4bfd47b8cea5b58e4c.jpg,Milandia,Civetta
1dfcbfcc73ad6c85af142d83bbe2159d.jpg,Gaswerk,Halle 3,Struktur
2034b2a7c0bde7fce0920c8c7beaedb3.jpg,Gaswerk,Outdoor,New Age
25b983fb552f6ce3a0de55d4261610ef.jpg,Gaswerk,Boulderraum III,Gasigipfel
26b386611274ff2240afb9becc7a0e27.jpg,Gaswerk,Halle 2,Reality Wall
270b50ee954c6319e92e2780ac62429d.jpg,Milandia,Boulder Blockfeld,Grosser Block,Window Side
286ad6ee45ae008ee9b719edea27b9ef.jpg,Gaswerk,Outdoor,3D Wand
2aeb822defa22b56b7481e6fac1c7e51.jpg,Milandia,Cerro Torre,Middle
2c13fe8b4cae829c08e5055a8ad1160e.jpg,Gaswerk,Boulderraum III,Affenkäfig
2d490cd6abe8e358b214a5f251e5721b.jpg,Gaswerk,Halle 2,Galerie,Galerie 3
2dbef9417926b352cbac9b7eabed9f11.jpg,Gaswerk,Halle 5,Right Side,Bottom Catwalk
2ea3d10b7962029dcd3d3920f486d713.jpg,Milandia,Boulder Tribüne,Right
2f91a0c39caa28866be70d0d94a9eda1.jpg,Gaswerk,Halle 1,Fensterfront,Left
2fb15a28f4c18b1175bb5c0a8b43233b.jpg,Gaswerk,Halle 3,Gelbe Wand
318958a4a5b565b390c47b1a0884b7d1.jpg,Milandia,Cerro Torre,Left
36880163217810cc6442429452481046.jpg,Milandia,Boulder Blockfeld,Wettkampfwand
39b113fd9f8f4f592ec82bf5fdc12176.jpg,Gaswerk,Halle 1,Turm
4472bfe3909f0bf851473c926e45196d.jpg,Gaswerk,Boulderraum II,Dächliland
46b26be362b2001d85452deedb13bafe.jpg,Gaswerk,Boulderraum III,Rampe
4b0bddae57801aa45e71a299f6ea0750.jpg,Milandia,Eldorado
57f0109e21d53993bf06cd1bc4da4177.jpg,Gaswerk,Halle 1,Fensterfront,Right
58574877c220af3c84d169687971e4f5.jpg,Gaswerk,Boulderraum II,Right Wall
5bf6d8b81f425d80a16c9278bbb4e575.jpg,Milandia,Boulder Grotte,Right Wall
5ecce0c9b4d69b8e97b490ed63a7a503.jpg,Gaswerk,Halle 5,Right Side,Bottom Left
64b80f02fe850b90f517c6b2e36cef85.jpg,Milandia,Competition
66abe84bdfc3dafe7e13cab91f46a1f5.jpg,Gaswerk,Halle 3,Freiflug Marathon,Toppas Links
66ba8aed1fce0fd1472640d9677c017e.jpg,Gaswerk,Halle 5,Right Side,Bottom Right
6a318bd674ce97a2c9672f304f008d13.jpg,Milandia,Outdoor,Aussenwand,Right
6e524749420a4d88f67cc7f7bb7ba5ef.jpg,Milandia,Dreadlock
7196bc84b55e30b161abc1aab78e5a43.jpg,Gaswerk,Halle 1,Old School,Left
719f52a8d5c37a9c3caa5bd4bd100d38.jpg,Milandia,Boulder Grotte,Turm Rechts,Inside Left
72e4fee326b590a72a9e1f4fcd4cc1ba.jpg,Gaswerk,Halle 2,Anfängerwand
750ea5b802ae7a6581285663d3c0c952.jpg,Milandia,Rennstrecke,Toppas II
76251f7d4b1021f905b21b3c88de22e0.jpg,Milandia,Kubus,Toppas I
76635758e3ddd6b00d557e076e45eda8.jpg,Milandia,Outdoor,Aussenwand,Left
769db217b2343f955778da327f8fce23.jpg,Gaswerk,Halle 2,Boulder Vitaparcours
78ef61f823713dd8ded51b0cacb99eed.jpg,Gaswerk,Halle 3,Megawall
806f103b097c9b1ae3b72db1c9682348.jpg,Gaswerk,Halle 5,Right Side,Top
822459daaa9a4aff4562f81510ba915b.jpg,Gaswerk,Halle 3,Freiflug Marathon,Toppas Rechts
84aee570a45dd8092f0ecab04336bba8.jpg,Gaswerk,Halle 3,Kinderwand
859e1fe0315f79583df048b8de71efc9.jpg,Milandia,Boulder Blockfeld,Kleiner Block,Hall Side
8a435136f3ef346a3bca275d122be8f5.jpg,Milandia,Flower Tower,Window Side
8b59d5de1cad61c63f97d6e999c0ff0a.jpg,Milandia,Boulder Blockfeld,Grosser Block,Hall Side
8f0e0e5c060a926f075188a2f884004e.jpg,Gaswerk,Halle 1,Muschelwand
91930d7f122843fae859e49f48fcb492.jpg,Gaswerk,Halle 2,Galerie,Gaswerkwand
98923efd206fdf89f35441cc0bd26672.jpg,Gaswerk,Halle 3,Geneigte Platte
9b329f8ababaaa9e99d25ba3c4a72ddf.jpg,Milandia,Spiderman
9ca27e996c686912f167cdf75a9ddd80.jpg,Milandia,Boulder Blockfeld,Kleiner Block,Wall Side
9e8726475a007ce241715f2927a0db0c.jpg,Gaswerk,Halle 4,Topropewand
a409fa4e90d909fe33185d995eac4b46.jpg,Gaswerk,Outdoor,Aussenanlage
a5e23e0ce06e7fe3b3c3fc5a72991b15.jpg,Milandia,Boulder Blockfeld,Kleiner Block,Window Side
a6e62714030b0b7898fbc2580fdac462.jpg,Gaswerk,Outdoor,Nasenwand
ab35b7ade0599f27ebe0c6f41027cf04.jpg,Gaswerk,Halle 2,Feuerwand
ac1b01927dac9b61501efc5ac94c4293.jpg,Milandia,Boulder Blockfeld,Volumenwand,Right
add072b04f854cb9dbe5425d59b1f4c7.jpg,Gaswerk,Halle 3,Bigwall
b0891db4fcaa570da3dd1dedc60c1b91.jpg,Milandia,Greenhorn
b37f3bc974eed8cc2918c7c771c75d63.jpg,Gaswerk,Halle 5,Left Side,Bottom Right
b4faeb3bb340a479c10281efefc35f23.jpg,Milandia,Trango Tower,Window Side
ba5f028c4188180f2e298c58b14f4e34.jpg,Milandia,Outdoor,Smaragd
bbadf994353cc9a6a0806da6963463d4.jpg,Milandia,Beginner,
bda0ec1e1420b54a868c44188ab0e323.jpg,Milandia,Boulder Grotte,Turm Rechts,Outside
bdd93a87ca9b13cf7a9810968b562116.jpg,Milandia,Boulder Blockfeld,Grosser Block,Wall Side
bef3d68355ed08225a23558a9c02d3d1.jpg,Milandia,Outdoor,Aussenwand,Middle
bfc4d1fbd5744406af1d9999d87986b4.jpg,Milandia,Boulder Grotte,Turm Links,Inside
c50560bf5ae7ccea13cd7f1ab616eb94.jpg,Gaswerk,Halle 5,Left Side,Bottom Bridge
c8e2a3d33e213db9cfdc6cedffc13ae8.jpg,Milandia,Boulder Grotte,Turm Rechts,Inside Right
c98b132a86c3a3f8ba59c2535fda8a4f.jpg,Milandia,Tower
ca17d653cf64ed7a749b6e2a5ae68826.jpg,Gaswerk,Halle 4,3D Wand
cd51bee3e3d38c508333603fae2e5a0b.jpg,Gaswerk,Halle 1,Galerie 1
dbb30b94ef8a894dfd12f2b6b4e33812.jpg,Milandia,Alpstein,
dd3ef4ff865cd307e660f5de6daadd79.jpg,Milandia,Boulder Grotte,Left Wall
e0006e9d3ecbace89284a3f3f4cfea72.jpg,Gaswerk,Halle 1,Matterhorn
e1916587c6f6670bb0e3ada0f6a775d9.jpg,Gaswerk,Halle 1,Old School,Right
e1c9299be46fde6c94491794a09b03ad.jpg,Gaswerk,Outdoor,Arcowand
e3c0dcb30e229b31b9c39fd025927658.jpg,Milandia,Boulder Tribüne,Left
e47e0f0c806f6d0129280fac511d19a8.jpg,Milandia,Cerro Torre,Right
e670f7fdab4fb1c956de0bd22b648ef5.jpg,Milandia,Boulder Blockfeld,Kleiner Block,Cafeteria Side
e90e4c8a080771d0028b7f753e46e45e.jpg,Milandia,Boulder Blockfeld,Volumenwand,Left
efdcd9d8174b0c8d8c72928c4806d920.jpg,Milandia,Flower Tower,Wall Side
f1f8d15f20752f95fe8be2f5ce7e085b.jpg,Milandia,Trango Tower,Hall Side
f91382185cc93a7868c3b2e524deb2af.jpg,Milandia,Kinder Boulder
f9af70e1090ebaeb5f1c94700847c925.jpg,Milandia,Sidewall
fd2f0c551c008ed5b5d1b0d6e73211bc.jpg,Milandia,Trango Tower,Toppas Side
ff5395a09131966a4ab88c88233577d6.jpg,Gaswerk,Halle 4,3D Wand,Left
ffc83aac0b61650b5f6862a75acb1f6c.jpg,Gaswerk,Halle 4,Pfeilerwand,Middle
ffff3e91c18bbcedbf702bb08d30c478.jpg,Gaswerk,Halle 4,Pfeilerwand,Left
